<?xml version="1.0" encoding="UTF-8"?>
<project-private xmlns="http://www.netbeans.org/ns/project-private/1">
    <editor-bookmarks xmlns="http://www.netbeans.org/ns/editor-bookmarks/2" lastBookmarkId="0"/>
    <open-files xmlns="http://www.netbeans.org/ns/projectui-open-files/2">
        <group>
            <file>file:/C:/Users/Black%20Code/Documents/NetBeansProjects/Voting%20System/src/Admin/AddCourse.java</file>
            <file>file:/C:/Users/Black%20Code/Documents/NetBeansProjects/Voting%20System/src/Forms/Login.java</file>
            <file>file:/C:/Users/Black%20Code/Documents/NetBeansProjects/Voting%20System/src/Admin/AdminPanel.java</file>
            <file>file:/C:/Users/Black%20Code/Documents/NetBeansProjects/Voting%20System/src/Students/VoteForm.java</file>
        </group>
    </open-files>
</project-private>
